Workbook

Sheet 00_사용안내
A1: 26년 설 선물세트 주문서 앱 개발 자료 및 엑셀 데이터 양식 | B1: 26년 설 선물세트 주문서 앱 개발 자료 및 엑셀 데이터 양식 | C1: 26년 설 선물세트 주문서 앱 개발 자료 및 엑셀 데이터 양식 | D1: 26년 설 선물세트 주문서 앱 개발 자료 및 엑셀 데이터 양식 | E1: 26년 설 선물세트 주문서 앱 개발 자료 및 엑셀 데이터 양식 | F1: 26년 설 선물세트 주문서 앱 개발 자료 및 엑셀 데이터 양식 | G1: 26년 설 선물세트 주문서 앱 개발 자료 및 엑셀 데이터 양식 | H1: 26년 설 선물세트 주문서 앱 개발 자료 및 엑셀 데이터 양식
A2: 원본 파일 | B2: 26년설주문서엑셀파일-2.xlsx | C2: 기준 시트 | D2: 주문작성하기 | E2: 작성일 | F2: 46199 | G2: 용도 | H2: 개발업체 전달용
A4: 이 파일의 사용 방법 | B4: 이 파일의 사용 방법 | C4: 이 파일의 사용 방법 | D4: 이 파일의 사용 방법 | E4: 이 파일의 사용 방법 | F4: 이 파일의 사용 방법 | G4: 이 파일의 사용 방법 | H4: 이 파일의 사용 방법
A5: 1 | B5: 앱 개발 범위 확인 | C5: 01_앱개발_범위와 02_업무흐름을 기준으로 견적 범위를 협의합니다.
A6: 2 | B6: 화면/출력 확인 | C6: 03_화면정의와 04_출력주문서_양식으로 입력 화면과 출력물을 맞춥니다.
A7: 3 | B7: 데이터 저장 확인 | C7: 05_데이터정의, 06_주문마스터_데이터, 07_상품상세_데이터를 앱의 저장/엑셀 내보내기 기준으로 씁니다.
A8: 4 | B8: 검수 기준 확정 | C8: 08_검수기준_일정의 테스트 항목을 납품 검수 기준으로 사용합니다.
A10: 개발 방향 요약 | B10: 개발 방향 요약 | C10: 개발 방향 요약 | D10: 개발 방향 요약 | E10: 개발 방향 요약 | F10: 개발 방향 요약 | G10: 개발 방향 요약 | H10: 개발 방향 요약
A11: 구분 | B11: 권장안 | C11: 이유
A12: 앱 형태 | B12: 웹앱 또는 사내 설치형 웹앱 | C12: PC에서 주문 입력과 출력이 편하고, 여러 담당자가 동시에 사용할 수 있습니다.
A13: 출력 방식 | B13: 주문서 미리보기 후 PDF/엑셀/인쇄 | C13: 기존 주문서 양식을 유지하면서 제출·보관·재출력이 가능합니다.
A14: 데이터 저장 | B14: DB 저장 + 엑셀 내보내기 | C14: 운영 중 검색/수정/집계가 가능하고, 필요할 때 엑셀로 전달할 수 있습니다.
A15: 최소 개발 범위 | B15: 주문 입력, 상품 여러 줄 입력, 주문서 출력, 누적 데이터 저장, 엑셀 내보내기 | C15: 현재 엑셀 수기 업무를 앱으로 바꾸는 핵심 범위입니다.
A16: 추가 권장 | B16: 주소 파일 업로드, 주문상태 관리, 권한/로그, 우체국 작업 파일 연동 | C16: 명절 주문량이 많을 때 누락과 중복 작업을 줄일 수 있습니다.
A18: 업체에 반드시 확인할 질문 | B18: 업체에 반드시 확인할 질문 | C18: 업체에 반드시 확인할 질문 | D18: 업체에 반드시 확인할 질문 | E18: 업체에 반드시 확인할 질문 | F18: 업체에 반드시 확인할 질문 | G18: 업체에 반드시 확인할 질문 | H18: 업체에 반드시 확인할 질문
A19: 1 | B19: 주문서 출력물을 기존 엑셀과 같은 배치로 PDF/인쇄할 수 있는가?
A20: 2 | B20: 주문 1건에 상품 여러 줄을 저장하고, 나중에 상품별/주문별로 조회할 수 있는가?
A21: 3 | B21: 엑셀 누적 데이터 양식 그대로 내보내기와 가져오기가 가능한가?
A22: 4 | B22: 택배 발송일 최소 5일 전 같은 업무 규칙을 자동 경고로 넣을 수 있는가?
A23: 5 | B23: 명절 기간 주문 증가를 감안해 백업/복구와 사용자별 변경 이력을 남길 수 있는가?
A24: 6 | B24: 향후 우체국 작업 파일, 고객주소 파일, 문자 발송 연동까지 확장 가능한가?

Sheet 01_앱개발_범위
A1: 앱 개발 제안 범위 | B1: 앱 개발 제안 범위 | C1: 앱 개발 제안 범위 | D1: 앱 개발 제안 범위 | E1: 앱 개발 제안 범위 | F1: 앱 개발 제안 범위
A3: 구분 | B3: 기능 | C3: 상세 요구사항 | D3: 산출물/동작 | E3: 우선순위 | F3: 비고
A4: 주문 입력 | B4: 주문 기본정보 | C4: 주문구분, 주문일자, 지점/매장, 성명, 연락처, 택배 발송일, 배달일시 입력 | D4: 화면 저장 시 주문번호 자동 생성 | E4: 필수 | F4: 원본 상단 영역
A5: 주문 입력 | B5: 거래처/보내는 사람 정보 | C5: 거래처 담당자, 담당자 연락처, 보내는 사람, 보내는 연락처, 보내는 주소 입력 | D5: 주문서 출력과 누적 데이터에 동시 반영 | E5: 필수 | F5: 원본 중간 영역
A6: 상품 입력 | B6: 상품 여러 줄 | C6: 주문 제품명, 주문 수량, 주문 요청 사항을 1건 주문에 여러 줄로 입력 | D6: 상품상세 데이터로 누적 | E6: 필수 | F6: 최소 5줄, 추가 행 가능
A7: 상세 입력 | B7: 인사장/명함 정보 | C7: 인사장번호, 은행 명함 유무, 은행 자체 인사장 유무, 특기사항 입력 | D7: 출력 양식 하단 반영 | E7: 필수 | F7: 유/무 선택형
A8: 출력 | B8: 주문서 미리보기 | C8: 원본 주문서 배치와 유사한 양식으로 미리보기 | D8: PDF 저장, 인쇄, 엑셀 출력 | E8: 필수 | F8: A4 또는 원본 비율
A9: 데이터 | B9: 누적 저장 | C9: 주문마스터와 상품상세를 분리 저장 | D9: 검색, 수정, 엑셀 내보내기 | E9: 필수 | F9: 데이터 시트 기준
A10: 운영 | B10: 상태 관리 | C10: 접수, 검토중, 출력완료, 발송대기, 발송완료, 취소 | D10: 주문 상태별 조회 | E10: 권장 | F10: 명절 운영 필수에 가까움
A11: 검증 | B11: 업무 규칙 | C11: 택배 주문은 발송일 기준 최소 5일 전 작성 경고 | D11: 저장 전 경고/확인 | E11: 권장 | F11: 원본 안내문 반영
A12: 확장 | B12: 주소/우체국 연동 | C12: 고객주소 파일 업로드, 우체국 작업 파일 생성 | D12: 반복 작업 감소 | E12: 선택 | F12: 기존 폴더 업무와 연계 가능
A15: 권장 개발 방식 | B15: 권장 개발 방식 | C15: 권장 개발 방식 | D15: 권장 개발 방식 | E15: 권장 개발 방식 | F15: 권장 개발 방식
A16: 항목 | B16: 권장 | C16: 설명
A17: 1차 구축 | B17: 사내 웹앱 + DB + 엑셀/PDF 출력 | C17: 사용자는 브라우저로 입력하고, 관리자는 누적 데이터를 내려받습니다.
A18: 저장소 | B18: DB 우선, 엑셀은 내보내기 양식 | C18: 엑셀 파일에 직접 누적만 하면 동시 작업과 오류 복구가 어렵습니다.
A19: 출력 | B19: 서버에서 PDF/엑셀 생성 | C19: 담당자 PC 환경 차이로 인한 인쇄 틀어짐을 줄입니다.
A20: 운영 | B20: 일일 자동 백업 | C20: 명절 주문 기간에는 데이터 손실 방지가 최우선입니다.

Sheet 02_업무흐름
A1: 주문 접수부터 출력/누적 저장까지 업무 흐름 | B1: 주문 접수부터 출력/누적 저장까지 업무 흐름 | C1: 주문 접수부터 출력/누적 저장까지 업무 흐름 | D1: 주문 접수부터 출력/누적 저장까지 업무 흐름 | E1: 주문 접수부터 출력/누적 저장까지 업무 흐름 | F1: 주문 접수부터 출력/누적 저장까지 업무 흐름 | G1: 주문 접수부터 출력/누적 저장까지 업무 흐름
A3: 단계 | B3: 업무 | C3: 담당 | D3: 입력/확인 내용 | E3: 앱 처리 | F3: 산출물 | G3: 검수 포인트
A4: 1 | B4: 신규 주문 작성 | C4: 매장/주문 담당자 | D4: 주문구분, 주문일자, 성명, 연락처 | E4: 주문번호 생성, 필수값 검사 | F4: 주문 초안 | G4: 주문번호 중복 없음
A5: 2 | B5: 발송/배달 일정 입력 | C5: 매장/주문 담당자 | D5: 택배 발송일 또는 배달일시 | E5: 택배 주문은 발송일 5일 전 규칙 경고 | F5: 일정 정보 | G5: 날짜 형식 정상
A6: 3 | B6: 거래처/보내는 사람 입력 | C6: 매장/주문 담당자 | D6: 거래처 담당자, 보내는 사람, 주소 | E6: 전화번호 형식, 주소 누락 확인 | F6: 주문 기본정보 | G6: 연락처 누락 없음
A7: 4 | B7: 상품 입력 | C7: 매장/주문 담당자 | D7: 상품명, 수량, 요청사항을 여러 줄 입력 | E7: 수량 숫자 검사, 빈 상품행 제외 | F7: 상품상세 데이터 | G7: 합계 수량 일치
A8: 5 | B8: 인사장/명함 정보 입력 | C8: 매장/주문 담당자 | D8: 인사장번호, 명함 유무, 자체 인사장 유무 | E8: 유/무 선택값 저장 | F8: 주문 상세 정보 | G8: 출력물 반영
A9: 6 | B9: 주문서 출력 | C9: 매장/관리자 | D9: 미리보기 확인 후 PDF/인쇄/엑셀 생성 | E9: 원본 주문서 양식에 값 치환 | F9: 주문서 양식 | G9: 기존 양식과 배치 유사
A10: 7 | B10: 누적 데이터 저장 | C10: 시스템 | D10: 주문마스터 1행, 상품상세 N행 저장 | E10: DB 저장 및 엑셀 내보내기 준비 | F10: 누적 데이터 | G10: 주문번호로 연결
A11: 8 | B11: 발송/완료 처리 | C11: 관리자 | D11: 상태 변경, 비고 기록 | E11: 변경 이력 저장 | F11: 상태별 목록 | G11: 누가 언제 바꿨는지 확인

Sheet 03_화면정의
A1: 앱 화면 정의 | B1: 앱 화면 정의 | C1: 앱 화면 정의 | D1: 앱 화면 정의 | E1: 앱 화면 정의 | F1: 앱 화면 정의 | G1: 앱 화면 정의
A3: 화면ID | B3: 화면명 | C3: 주요 입력/표시 | D3: 상세 설명 | E3: 버튼 | F3: 권한 | G3: 비고
A4: ORD-001 | B4: 주문 목록 | C4: 주문번호, 주문일자, 성명, 연락처, 상태 | D4: 기간/상태/성명/연락처로 검색하고 주문을 선택합니다. | E4: 신규, 수정, 출력, 엑셀내보내기 | F4: 조회/관리자 | G4: 기본 시작 화면 | I4: 여러건일경우 엑셀업로드 가능여부 확인
A5: ORD-002 | B5: 주문 작성 | C5: 원본 첫 시트의 모든 입력 항목 | D5: 상단 기본정보, 중간 주문내역, 하단 상세내역을 한 화면에서 입력합니다. | E5: 저장, 미리보기, 취소 | F5: 입력/관리자 | G5: 필수값 즉시 표시
A6: ORD-003 | B6: 상품 행 입력 | C6: 상품명, 수량, 요청사항 | D6: 주문 1건에 상품 여러 줄을 추가/삭제합니다. | E6: 행추가, 행삭제 | F6: 입력/관리자 | G6: 수량 숫자만 허용 | I6: 작업지시서형태는 동일하게 출력하고 엑셀로 저장되는 형식으로 의뢰해보면 좋겠습니다.
A7: ORD-004 | B7: 주문서 미리보기 | C7: 출력 양식 | D7: 04_출력주문서_양식과 같은 배치로 화면에 보여줍니다. | E7: PDF, 인쇄, 엑셀 | F7: 입력/관리자 | G7: 출력 전 최종 확인
A8: ORD-005 | B8: 누적 데이터 관리 | C8: 주문마스터, 상품상세 | D8: 조건 검색, 수정 이력 확인, 엑셀 내려받기를 제공합니다. | E8: 검색, 다운로드 | F8: 관리자 | G8: 운영/정산용 | I8: 사장님도 본인이 주문한 건을 앱을 통해서 확인가능하고 수정도 가능하도록 하는것도 좋을거 같습니다.
A9: ADM-001 | B9: 기준정보 관리 | C9: 상품명, 매장, 담당자, 상태값 | D9: 상품명과 매장 연락처 같은 반복 입력값을 관리합니다. | E9: 추가, 수정, 비활성 | F9: 관리자 | G9: 오타 방지
I10: 대량건은 엑셀업로드 가능하면 더욱 좋음
A12: 주문 작성 화면 입력 그룹 | B12: 주문 작성 화면 입력 그룹 | C12: 주문 작성 화면 입력 그룹 | D12: 주문 작성 화면 입력 그룹 | E12: 주문 작성 화면 입력 그룹 | F12: 주문 작성 화면 입력 그룹 | G12: 주문 작성 화면 입력 그룹
A14: 그룹 | B14: 입력항목 | C14: 형태 | D14: 필수 | E14: 검증/선택값 | F14: 원본 위치 | G14: 출력 반영
A15: 기본정보 | B15: 주문구분 | C15: 라디오 | D15: Y | E15: 택배, 배달 | F15: A1 제목부 | G15: A1
A16: 기본정보 | B16: 주문일자 | C16: 날짜 | D16: Y | E16: yyyy-mm-dd | F16: F1 | G16: G1:J1
A17: 기본정보 | B17: 소속/매장 | C17: 텍스트/선택 | D17: Y | E17: 매장 기준정보 | F17: A2:B2 | G17: B2
A18: 기본정보 | B18: 성명 | C18: 텍스트 | D18: Y | E18: 50자 이내 | F18: C2:D2 | G18: D2:E2
A19: 기본정보 | B19: 연락처 | C19: 전화번호 | D19: Y | E19: 010-0000-0000 형식 권장 | F19: E2 이후 | G19: G2:J2
A20: 일정 | B20: 택배 발송일 | C20: 날짜 | D20: 조건부 | E20: 택배 선택 시 필수 | F20: A3:C3 | G20: C3
A21: 일정 | B21: 배달일시 | C21: 날짜/시간 | D21: 조건부 | E21: 배달 선택 시 필수 | F21: D3 이후 | G21: F3:J3
A22: 거래처 | B22: 거래처 문의 담당자 | C22: 텍스트 | D22: Y | E22: 50자 이내 | F22: A6 | G22: C6:D6
A23: 거래처 | B23: 거래처 담당자 연락처 | C23: 전화번호 | D23: Y | E23: 전화번호 | F23: E6 | G23: G6:J6
A24: 보내는 사람 | B24: 보내는 사람/연락처/주소 | C24: 텍스트 | D24: Y | E24: 주소 필수 | F24: A7:A8 | G24: C7:J8
... A26: 상세 | B26: 인사장번호/명함 유무/자체 인사장 유무 | C26: 텍스트/선택 | D26: N | E26: 유, 무 | F26: A16:J17 | G26: A16:J17

Sheet 04_출력주문서_양식
A1: [ 신앙촌 상회 ] □ 택배 □ 배달 | B1: [ 신앙촌 상회 ] □ 택배 □ 배달 | C1: [ 신앙촌 상회 ] □ 택배 □ 배달 | D1: [ 신앙촌 상회 ] □ 택배 □ 배달 | E1: [ 신앙촌 상회 ] □ 택배 □ 배달 | F1: [ 신앙촌 상회 ] □ 택배 □ 배달 | G1: 주문 일자 | H1: ${주문일자} | I1: ${주문일자} | J1: ${주문일자}
A2: 중앙 | B2: ${소속/매장} | C2: 성명 | D2: ${성명} | E2: ${성명} | F2: 연락처 | G2: ${연락처} | H2: ${연락처} | I2: ${연락처} | J2: ${연락처}
A3: 택배 발송일 | B3: 택배 발송일 | C3: ${택배발송일} | D3: 배달일(날짜,시간) | E3: 배달일(날짜,시간) | F3: ${배달일시} | G3: ${배달일시} | H3: ${배달일시} | I3: ${배달일시} | J3: ${배달일시}
A5: [ 선물세트 주문 내역 ] | B5: [ 선물세트 주문 내역 ] | C5: [ 선물세트 주문 내역 ] | D5: [ 선물세트 주문 내역 ] | E5: [ 선물세트 주문 내역 ] | F5: [ 선물세트 주문 내역 ] | G5: [ 선물세트 주문 내역 ] | H5: [ 선물세트 주문 내역 ] | I5: [ 선물세트 주문 내역 ] | J5: [ 선물세트 주문 내역 ]
A6: 거래처 문의 담당자 | B6: 거래처 문의 담당자 | C6: ${거래처담당자} | D6: ${거래처담당자} | E6: 거래처 담당자 연락처 | F6: 거래처 담당자 연락처 | G6: ${거래처담당자연락처} | H6: ${거래처담당자연락처} | I6: ${거래처담당자연락처} | J6: ${거래처담당자연락처}
A7: 보내는 사람 | B7: 보내는 사람 | C7: ${보내는사람} | D7: ${보내는사람} | E7: 보내는 연락처 | F7: 보내는 연락처 | G7: ${보내는연락처} | H7: ${보내는연락처} | I7: ${보내는연락처} | J7: ${보내는연락처}
A8: 보내는 주소 | B8: 보내는 주소 | C8: ${보내는주소} | D8: ${보내는주소} | E8: ${보내는주소} | F8: ${보내는주소} | G8: ${보내는주소} | H8: ${보내는주소} | I8: ${보내는주소} | J8: ${보내는주소}
A9: 주문 제품명 | B9: 주문 제품명 | C9: 주문 수량 | D9: 주문 수량 | E9: 주문 요청 사항 | F9: 주문 요청 사항 | G9: 주문 요청 사항 | H9: 주문 요청 사항 | I9: 주문 요청 사항 | J9: 주문 요청 사항
A10: ${상품명1} | B10: ${상품명1} | C10: ${수량1} | D10: ${수량1} | E10: ${요청사항1} | F10: ${요청사항1} | G10: ${요청사항1} | H10: ${요청사항1} | I10: ${요청사항1} | J10: ${요청사항1}
A11: ${상품명2} | B11: ${상품명2} | C11: ${수량2} | D11: ${수량2} | E11: ${요청사항2} | F11: ${요청사항2} | G11: ${요청사항2} | H11: ${요청사항2} | I11: ${요청사항2} | J11: ${요청사항2}
A12: ${상품명3} | B12: ${상품명3} | C12: ${수량3} | D12: ${수량3} | E12: ${요청사항3} | F12: ${요청사항3} | G12: ${요청사항3} | H12: ${요청사항3} | I12: ${요청사항3} | J12: ${요청사항3}
A13: ${상품명4} | B13: ${상품명4} | C13: ${수량4} | D13: ${수량4} | E13: ${요청사항4} | F13: ${요청사항4} | G13: ${요청사항4} | H13: ${요청사항4} | I13: ${요청사항4} | J13: ${요청사항4}
... A22: 중부(덕소) | B22: 중부(덕소) | C22: 070-4490-8456 010-7564-1576 | D22: 070-4490-8456 010-7564-1576 | E22: 031-521-1469 | F22: 031-521-1469 | G22: dud386@naver.com | H22: dud386@naver.com | I22: dud386@naver.com | J22: dud386@naver.com

Sheet 05_데이터정의
A1: 누적 데이터 필드 정의 | B1: 누적 데이터 필드 정의 | C1: 누적 데이터 필드 정의 | D1: 누적 데이터 필드 정의 | E1: 누적 데이터 필드 정의 | F1: 누적 데이터 필드 정의 | G1: 누적 데이터 필드 정의 | H1: 누적 데이터 필드 정의 | I1: 누적 데이터 필드 정의
A3: 테이블 | B3: 필드ID | C3: 화면 표시명 | D3: 자료형 | E3: 필수 | F3: 검증/선택값 | G3: 원본 위치 | H3: 출력 위치 | I3: 비고
A4: 주문마스터 | B4: order_id | C4: 주문번호 | D4: 문자 | E4: Y | F4: 자동 생성, 중복 불가 | G4: 신규 | H4: 파일명/관리 | I4: 예: ORD-202601-0001
A5: 주문마스터 | B5: order_status | C5: 주문상태 | D5: 선택 | E5: Y | F5: 접수, 검토중, 출력완료, 발송대기, 발송완료, 취소 | G5: 신규 | H5: 관리용 | I5: 상태별 조회
A6: 주문마스터 | B6: order_type | C6: 주문구분 | D6: 선택 | E6: Y | F6: 택배, 배달 | G6: A1 | H6: A1 | I6: 라디오 버튼
A7: 주문마스터 | B7: order_date | C7: 주문일자 | D7: 날짜 | E7: Y | F7: yyyy-mm-dd | G7: F1 | H7: H1:J1 | I7: 입력 기본값 오늘
A8: 주문마스터 | B8: branch_name | C8: 소속/매장 | D8: 문자 | E8: Y | F8: 기준정보 선택 권장 | G8: A2:B2 | H8: B2 | I8: 예: 기장
A9: 주문마스터 | B9: requester_name | C9: 성명 | D9: 문자 | E9: Y | F9: 50자 이내 | G9: C2:D2 | H9: D2:E2
A10: 주문마스터 | B10: requester_phone | C10: 연락처 | D10: 문자 | E10: Y | F10: 전화번호 | G10: E2 이후 | H10: G2:J2 | I10: 하이픈 허용
A11: 주문마스터 | B11: ship_date | C11: 택배 발송일 | D11: 날짜 | E11: 조건부 | F11: 택배 선택 시 필수 | G11: A3:C3 | H11: C3 | I11: 최소 5일 전 경고
A12: 주문마스터 | B12: delivery_datetime | C12: 배달일시 | D12: 날짜시간 | E12: 조건부 | F12: 배달 선택 시 필수 | G12: D3 이후 | H12: F3:J3
A13: 주문마스터 | B13: client_contact_name | C13: 거래처 문의 담당자 | D13: 문자 | E13: Y | F13: 50자 이내 | G13: A6 | H13: C6:D6
A14: 주문마스터 | B14: client_contact_phone | C14: 거래처 담당자 연락처 | D14: 문자 | E14: Y | F14: 전화번호 | G14: E6 | H14: G6:J6
A15: 주문마스터 | B15: sender_name | C15: 보내는 사람 | D15: 문자 | E15: Y | F15: 50자 이내 | G15: A7 | H15: C7:D7
A16: 주문마스터 | B16: sender_phone | C16: 보내는 연락처 | D16: 문자 | E16: Y | F16: 전화번호 | G16: E7 | H16: G7:J7
A17: 주문마스터 | B17: sender_address | C17: 보내는 주소 | D17: 문자 | E17: Y | F17: 주소 | G17: A8 | H17: C8:J8
A18: 상품상세 | B18: line_no | C18: 순번 | D18: 숫자 | E18: Y | F18: 1 이상 | G18: A10:J14 | H18: A10:J14 | I18: 주문번호와 함께 키
A19: 상품상세 | B19: product_name | C19: 주문 제품명 | D19: 문자 | E19: Y | F19: 상품 기준정보 선택 권장 | G19: A9:B14 | H19: A10:B14
A20: 상품상세 | B20: quantity | C20: 주문 수량 | D20: 숫자 | E20: Y | F20: 1 이상 정수 | G20: C9:D14 | H20: C10:D14
A21: 상품상세 | B21: request_note | C21: 주문 요청 사항 | D21: 문자 | E21: N | F21: 500자 이내 | G21: E9:J14 | H21: E10:J14
A22: 주문마스터 | B22: greeting_card_no | C22: 인사장번호 | D22: 문자 | E22: N | F22: 50자 이내 | G22: A16:D16 | H22: C16:D16
A23: 주문마스터 | B23: bank_card_yn | C23: 은행 명함 유무 | D23: 선택 | E23: N | F23: 유, 무 | G23: E16:J16 | H23: G16:J16
A24: 주문마스터 | B24: bank_own_card_yn | C24: 은행 자체 인사장 유무 | D24: 선택 | E24: N | F24: 유, 무 | G24: A17:J17 | H24: C17:J17
A25: 주문마스터 | B25: special_note | C25: 특기사항 | D25: 문자 | E25: N | F25: 1000자 이내 | G25: 상세 영역 | H25: C17:J17 | I25: 출력 하단 반영

Sheet 06_주문마스터_데이터
A1: 주문마스터 누적 데이터 양식 - 주문 1건당 1행 | B1: 주문마스터 누적 데이터 양식 - 주문 1건당 1행 | C1: 주문마스터 누적 데이터 양식 - 주문 1건당 1행 | D1: 주문마스터 누적 데이터 양식 - 주문 1건당 1행 | E1: 주문마스터 누적 데이터 양식 - 주문 1건당 1행 | G1: 주문마스터 누적 데이터 양식 - 주문 1건당 1행 | H1: 주문마스터 누적 데이터 양식 - 주문 1건당 1행 | I1: 주문마스터 누적 데이터 양식 - 주문 1건당 1행 | J1: 주문마스터 누적 데이터 양식 - 주문 1건당 1행 | K1: 주문마스터 누적 데이터 양식 - 주문 1건당 1행 | L1: 주문마스터 누적 데이터 양식 - 주문 1건당 1행 | M1: 주문마스터 누적 데이터 양식 - 주문 1건당 1행 | N1: 주문마스터 누적 데이터 양식 - 주문 1건당 1행 | O1: 주문마스터 누적 데이터 양식 - 주문 1건당 1행 | P1: 주문마스터 누적 데이터 양식 - 주문 1건당 1행 | Q1: 주문마스터 누적 데이터 양식 - 주문 1건당 1행 | R1: 주문마스터 누적 데이터 양식 - 주문 1건당 1행 | S1: 주문마스터 누적 데이터 양식 - 주문 1건당 1행 | T1: 주문마스터 누적 데이터 양식 - 주문 1건당 1행 | U1: 주문마스터 누적 데이터 양식 - 주문 1건당 1행 | V1: 주문마스터 누적 데이터 양식 - 주문 1건당 1행 | W1: 주문마스터 누적 데이터 양식 - 주문 1건당 1행 | X1: 주문마스터 누적 데이터 양식 - 주문 1건당 1행 | Y1: 주문마스터 누적 데이터 양식 - 주문 1건당 1행 | Z1: 주문마스터 누적 데이터 양식 - 주문 1건당 1행
A3: 주문기본정보 | B3: 택배인경우, 배달인경우 export시 결과가 따로 나옴
D4: 주문기본정보 | F4: 주문기본정보 | I4: 택배 | J4: 배달 | K4: 배달 | M4: 택배 | O4: 택배
A5: 주문번호✓ | B5: 주문상태 | C5: 주문구분✓ | D5: 주문일자✓ | E5: 소속/매장 | F5: 중앙✓ | G5: (주문자)성명✓ | H5: 연락처✓ | I5: 택배발송일✓ | J5: 배달일시✓ | K5: 거래처담당자✓ | L5: 거래처담당자연락처✓ | M5: 보내는사람 | N5: 보내는연락처 | O5: 보내는주소 | P5: 인사장번호✓ | Q5: 은행명함유무✓ | R5: 은행자체인사장유무✓ | S5: 특기사항✓ | T5: 상품건수✓ | U5: 총수량✓ | V5: 출력파일명 | W5: 등록일시 | X5: 수정일시 | Y5: 담당자 | Z5: 비고
A6: ORD-2026-XXXXX | B6: 접수완료 | C6: 택배 | D6: 46032 | E6: null | F6: 서대문남 | G6: 선태영 | H6: 010-1234-5678 | I6: 46038 | K6: 가나다 | L6: 010-1234-5678 | M6: 이순희 | N6: 010-1234-5678 | O6: 부산광역시 기장군 예시로 1 | P6: 1번 | Q6: 유 | R6: 무 | S6: 명진1호 - 업체 명함 오른쪽 상단 | T6: 2 | U6: =SUMIF('07_상품상세_데이터'!$A$4:$A$103,A6,'07_상품상세_데이터'!$F$4:$F$103) -> 0 | V6: ORD-2026-802612-1_선물세트주문서.pdf | W6: 46032 | X6: 46032 | Y6: 관리자 | Z6: null
A7: ORD-2026-XXXXX | B7: 출력완료 | C7: 배달 | D7: 46033 | E7: null | F7: 서대문남 | G7: 선태영 | H7: 010-2222-3333 | J7: 46040.25 | K7: 홍담당 | L7: 010-4444-5555 | M7: 김주문 | N7: 010-2222-3333 | O7: 경기도 부천시 예시로 2 | P7: 2번 | Q7: 무 | R7: 유 | S7: 배달 전 연락 | T7: 1 | U7: =SUMIF('07_상품상세_데이터'!$A$4:$A$103,A7,'07_상품상세_데이터'!$F$4:$F$103) -> 0 | V7: ORD-2026-802612-1_선물세트주문서.pdf | W7: 46033.062 | X7: 46033.073 | Y7: 관리자 | Z7: null
T8: =COUNTIF('07_상품상세_데이터'!$A$4:$A$103,A8) -> 0 | U8: =SUMIF('07_상품상세_데이터'!$A$4:$A$103,A8,'07_상품상세_데이터'!$F$4:$F$103) -> 0
T9: =COUNTIF('07_상품상세_데이터'!$A$4:$A$103,A9) -> 0 | U9: =SUMIF('07_상품상세_데이터'!$A$4:$A$103,A9,'07_상품상세_데이터'!$F$4:$F$103) -> 0
T10: =COUNTIF('07_상품상세_데이터'!$A$4:$A$103,A10) -> 0 | U10: =SUMIF('07_상품상세_데이터'!$A$4:$A$103,A10,'07_상품상세_데이터'!$F$4:$F$103) -> 0
T11: =COUNTIF('07_상품상세_데이터'!$A$4:$A$103,A11) -> 0 | U11: =SUMIF('07_상품상세_데이터'!$A$4:$A$103,A11,'07_상품상세_데이터'!$F$4:$F$103) -> 0
T12: =COUNTIF('07_상품상세_데이터'!$A$4:$A$103,A12) -> 0 | U12: =SUMIF('07_상품상세_데이터'!$A$4:$A$103,A12,'07_상품상세_데이터'!$F$4:$F$103) -> 0
T13: =COUNTIF('07_상품상세_데이터'!$A$4:$A$103,A13) -> 0 | U13: =SUMIF('07_상품상세_데이터'!$A$4:$A$103,A13,'07_상품상세_데이터'!$F$4:$F$103) -> 0
T14: =COUNTIF('07_상품상세_데이터'!$A$4:$A$103,A14) -> 0 | U14: =SUMIF('07_상품상세_데이터'!$A$4:$A$103,A14,'07_상품상세_데이터'!$F$4:$F$103) -> 0
T15: =COUNTIF('07_상품상세_데이터'!$A$4:$A$103,A15) -> 0 | U15: =SUMIF('07_상품상세_데이터'!$A$4:$A$103,A15,'07_상품상세_데이터'!$F$4:$F$103) -> 0
T16: =COUNTIF('07_상품상세_데이터'!$A$4:$A$103,A16) -> 0 | U16: =SUMIF('07_상품상세_데이터'!$A$4:$A$103,A16,'07_상품상세_데이터'!$F$4:$F$103) -> 0
T17: =COUNTIF('07_상품상세_데이터'!$A$4:$A$103,A17) -> 0 | U17: =SUMIF('07_상품상세_데이터'!$A$4:$A$103,A17,'07_상품상세_데이터'!$F$4:$F$103) -> 0
T18: =COUNTIF('07_상품상세_데이터'!$A$4:$A$103,A18) -> 0 | U18: =SUMIF('07_상품상세_데이터'!$A$4:$A$103,A18,'07_상품상세_데이터'!$F$4:$F$103) -> 0
T19: =COUNTIF('07_상품상세_데이터'!$A$4:$A$103,A19) -> 0 | U19: =SUMIF('07_상품상세_데이터'!$A$4:$A$103,A19,'07_상품상세_데이터'!$F$4:$F$103) -> 0
... T105: =COUNTIF('07_상품상세_데이터'!$A$4:$A$103,A105) -> 0 | U105: =SUMIF('07_상품상세_데이터'!$A$4:$A$103,A105,'07_상품상세_데이터'!$F$4:$F$103) -> 0

Sheet 07_상품상세_데이터
A1: 상품상세 누적 데이터 양식 - 상품 1줄당 1행 | B1: 상품상세 누적 데이터 양식 - 상품 1줄당 1행 | D1: 상품상세 누적 데이터 양식 - 상품 1줄당 1행 | E1: 상품상세 누적 데이터 양식 - 상품 1줄당 1행 | F1: 상품상세 누적 데이터 양식 - 상품 1줄당 1행 | G1: 상품상세 누적 데이터 양식 - 상품 1줄당 1행 | H1: 상품상세 누적 데이터 양식 - 상품 1줄당 1행 | I1: 상품상세 누적 데이터 양식 - 상품 1줄당 1행 | J1: 상품상세 누적 데이터 양식 - 상품 1줄당 1행 | K1: 상품상세 누적 데이터 양식 - 상품 1줄당 1행
A3: 주문번호 | B3: 순번 | C3: 배달/택배 | D3: 상품코드 | E3: 주문제품명 | F3: 주문수량 | G3: 주문요청사항 | H3: 단가(선택) | I3: 금액(선택) | J3: 출고상태 | K3: 비고
A4: ORD-202601-0001 | B4: 1 | E4: 명진 1호 | F4: 300 | G4: 개별택배 | I4: =IF(AND(F4<>"",H4<>""),F4*H4,"") | J4: 대기 | K4: 샘플
A5: ORD-202601-0001 | B5: 2 | E5: S5호 | F5: 200 | G5: 개별택배 | I5: =IF(AND(F5<>"",H5<>""),F5*H5,"") | J5: 대기 | K5: 샘플
A6: ORD-202601-0002 | B6: 1 | E6: 명진 2호 | F6: 100 | G6: 배달 전 연락 | I6: =IF(AND(F6<>"",H6<>""),F6*H6,"") | J6: 완료 | K6: 샘플
A7: ORD-202601-0002 | B7: 2 | E7: 특선 세트 | F7: 50 | I7: =IF(AND(F7<>"",H7<>""),F7*H7,"") | J7: 완료 | K7: 샘플
I8: =IF(AND(F8<>"",H8<>""),F8*H8,"")
I9: =IF(AND(F9<>"",H9<>""),F9*H9,"")
I10: =IF(AND(F10<>"",H10<>""),F10*H10,"")
I11: =IF(AND(F11<>"",H11<>""),F11*H11,"")
I12: =IF(AND(F12<>"",H12<>""),F12*H12,"")
I13: =IF(AND(F13<>"",H13<>""),F13*H13,"")
I14: =IF(AND(F14<>"",H14<>""),F14*H14,"")
I15: =IF(AND(F15<>"",H15<>""),F15*H15,"")
I16: =IF(AND(F16<>"",H16<>""),F16*H16,"")
I17: =IF(AND(F17<>"",H17<>""),F17*H17,"")
I18: =IF(AND(F18<>"",H18<>""),F18*H18,"")
I19: =IF(AND(F19<>"",H19<>""),F19*H19,"")
... I103: =IF(AND(F103<>"",H103<>""),F103*H103,"")

Sheet 08_검수기준_일정
A1: 개발 검수 기준 및 일정 제안 | B1: 개발 검수 기준 및 일정 제안 | C1: 개발 검수 기준 및 일정 제안 | D1: 개발 검수 기준 및 일정 제안 | E1: 개발 검수 기준 및 일정 제안 | F1: 개발 검수 기준 및 일정 제안
A3: 구분 | B3: 검수 항목 | C3: 합격 기준 | D3: 확인 방법 | E3: 중요도 | F3: 비고
A4: 입력 | B4: 필수값 검사 | C4: 주문구분, 주문일자, 성명, 연락처, 상품 1줄 이상 누락 시 저장 불가 | D4: 신규 주문 저장 테스트 | E4: 상
A5: 입력 | B5: 상품 여러 줄 | C5: 상품행 추가/삭제 후 저장 시 상품상세에 정확히 N행 저장 | D5: 3개 상품 입력 후 데이터 확인 | E5: 상
A6: 출력 | B6: 주문서 양식 | C6: 원본 첫 시트와 동일한 정보가 지정 위치에 출력 | D6: PDF/인쇄 미리보기 확인 | E6: 상
A7: 데이터 | B7: 주문번호 연결 | C7: 주문마스터 1행과 상품상세 N행이 같은 주문번호로 연결 | D7: 엑셀 내보내기 확인 | E7: 상
A8: 데이터 | B8: 수식/집계 | C8: 상품건수와 총수량이 상품상세 기준과 일치 | D8: 샘플 주문 비교 | E8: 중
A9: 운영 | B9: 상태 변경 이력 | C9: 상태 변경 시 변경자와 변경일시 확인 가능 | D9: 상태 변경 테스트 | E9: 중
A10: 규칙 | B10: 택배 5일 전 경고 | C10: 택배 발송일이 주문일자 기준 5일 미만이면 경고 표시 | D10: 날짜 테스트 | E10: 중 | F10: 저장 차단 여부는 협의
A11: 엑셀 | B11: 내보내기 | C11: 06, 07 시트 양식과 같은 컬럼 순서로 엑셀 다운로드 | D11: 다운로드 파일 비교 | E11: 상
A12: 백업 | B12: 데이터 백업 | C12: 일일 백업 또는 수동 백업/복구 기능 제공 | D12: 복구 시나리오 확인 | E12: 상 | F12: 명절 운영 대비
A15: 일정 제안 | B15: 일정 제안 | C15: 일정 제안 | D15: 일정 제안 | E15: 일정 제안 | F15: 일정 제안
A17: 단계 | B17: 기간 | C17: 주요 작업 | D17: 검토자 | E17: 산출물 | F17: 완료 조건
A18: 1 | B18: 1주 | C18: 요구사항 확정, 기존 엑셀 양식 분석, 화면 설계 | D18: 발주자/업체 | E18: 화면설계서, 데이터설계서 | F18: 입력항목과 출력 양식 확정
A19: 2 | B19: 2~3주 | C19: 주문 입력, 상품상세, 저장, 목록 구현 | D19: 업체 | E19: 개발 1차본 | F19: 주문 저장/조회 가능
A20: 3 | B20: 1~2주 | C20: 주문서 출력, PDF/엑셀 내보내기, 검증 규칙 구현 | D20: 업체 | E20: 출력 기능 | F20: 출력물 검수 통과
A21: 4 | B21: 1주 | C21: 사용자 테스트, 오류 수정, 운영 교육 | D21: 발주자/업체 | E21: 최종본, 매뉴얼 | F21: 명절 운영 전 배포
